d,res,nq,all,init,config,cons_gen,cons_sol
3,false,9,0.8844599723815918,0.051867008209228516,0.7826559543609619,0.019835233688354492,0.030101776123046875
